CASE_ID	FX3_BYTES	FX_BYTES	CHAR_REDUCTION_BYTES	CHAR_REDUCTION_PERCENT	FX3_TOKENS	FX_TOKENS	TOKEN_REDUCTION
case-01	143	214	71	33.18	NOT_MEASURED	NOT_MEASURED	NOT_MEASURED
case-02	124	190	66	34.74	NOT_MEASURED	NOT_MEASURED	NOT_MEASURED
case-03	121	190	69	36.32	NOT_MEASURED	NOT_MEASURED	NOT_MEASURED
case-04	92	138	46	33.33	NOT_MEASURED	NOT_MEASURED	NOT_MEASURED
case-05	102	150	48	32.00	NOT_MEASURED	NOT_MEASURED	NOT_MEASURED
case-06	118	164	46	28.05	NOT_MEASURED	NOT_MEASURED	NOT_MEASURED
case-07	71	104	33	31.73	NOT_MEASURED	NOT_MEASURED	NOT_MEASURED
case-08	80	121	41	33.88	NOT_MEASURED	NOT_MEASURED	NOT_MEASURED
case-09	80	112	32	28.57	NOT_MEASURED	NOT_MEASURED	NOT_MEASURED
case-10	47	67	20	29.85	NOT_MEASURED	NOT_MEASURED	NOT_MEASURED
case-11	60	88	28	31.82	NOT_MEASURED	NOT_MEASURED	NOT_MEASURED
case-12	55	72	17	23.61	NOT_MEASURED	NOT_MEASURED	NOT_MEASURED
TOTAL	1093	1610	517	32.11	NOT_MEASURED	NOT_MEASURED	NOT_MEASURED
