symbol	count	files
json_stringify	31	fx-kv/server.fl,fx-queue/server.fl,templates/api-server/server.fl,templates/api-server/test-db.fl,templates/hello/test-sqlite.fl,templates/kim-notes/server.fl,templates/kim-short/server.fl
server_json	29	fx-kv/server.fl,fx-queue/server.fl,templates/api-server/server.fl,templates/hello/server.fl,templates/kim-notes/server.fl,templates/kim-short/server.fl
server_get	27	fx-demo/server.fl,fx-kv/server.fl,fx-queue/server.fl,templates/api-server/server.fl,templates/hello/server.fl,templates/kim-notes/server.fl,templates/kim-short/server.fl
fxb_sqlite_exec	16	fx-demo/server.fl,fx-kv/server.fl,fx-queue/server.fl
fxb_sqlite_query	11	fx-demo/server.fl,fx-kv/server.fl,fx-queue/server.fl
server_post	11	fx-demo/server.fl,fx-kv/server.fl,fx-queue/server.fl,templates/api-server/server.fl,templates/kim-notes/server.fl,templates/kim-short/server.fl
fn	9	fx-kv/server.fl,fx-queue/server.fl,templates/kim-notes/server.fl,templates/kim-short/server.fl
server_html	8	templates/hello/server.fl,templates/kim-notes/server.fl,templates/kim-short/server.fl
server_req_param	8	templates/api-server/server.fl,templates/kim-notes/server.fl,templates/kim-short/server.fl
server_start	7	fx-demo/server.fl,fx-kv/server.fl,fx-queue/server.fl,templates/api-server/server.fl,templates/hello/server.fl,templates/kim-notes/server.fl,templates/kim-short/server.fl
mariadb_exec	6	templates/api-server/server.fl,templates/kim-notes/server.fl
sqlite_exec	6	templates/hello/test-sqlite.fl,templates/kim-short/server.fl
server_redirect	5	templates/kim-notes/server.fl,templates/kim-short/server.fl
catch	4	fx-kv/server.fl,fx-queue/server.fl
fx_server_json	4	fx-demo/server.fl
mariadb_query	4	templates/api-server/server.fl,templates/api-server/test-db.fl,templates/kim-notes/server.fl
server_req_body	4	templates/api-server/server.fl,templates/kim-notes/server.fl,templates/kim-short/server.fl
server_status	4	templates/api-server/server.fl,templates/kim-notes/server.fl,templates/kim-short/server.fl
str_to_num	4	fx-queue/server.fl
try	4	fx-kv/server.fl,fx-queue/server.fl
expires_at	3	fx-kv/server.fl
form_parse	3	templates/kim-notes/server.fl,templates/kim-short/server.fl
future	3	fx-kv/server.fl,fx-queue/server.fl
fxb_sqlite_open	3	fx-demo/server.fl,fx-kv/server.fl,fx-queue/server.fl
mariadb_connect	3	templates/api-server/server.fl,templates/api-server/test-db.fl,templates/kim-notes/server.fl
mariadb_one	3	templates/api-server/server.fl,templates/kim-notes/server.fl
sqlite_exec_p	3	templates/kim-short/server.fl
sqlite_query	3	templates/hello/test-sqlite.fl,templates/kim-short/server.fl
ws_send	3	fx-queue/server.fl
server_delete	2	fx-queue/server.fl,templates/api-server/server.fl
sqlite_open	2	templates/hello/test-sqlite.fl,templates/kim-short/server.fl
str_replace	2	fx-kv/server.fl
fx_respond	1	fx-demo/server.fl
hit_count	1	fx-kv/server.fl
json_parse	1	templates/api-server/server.fl
mariadb_close	1	templates/api-server/test-db.fl
math_floor	1	templates/kim-short/server.fl
math_random	1	templates/kim-short/server.fl
server_ws	1	fx-queue/server.fl
sqlite_close	1	templates/hello/test-sqlite.fl
sqlite_one	1	templates/hello/test-sqlite.fl
sqlite_one_p	1	templates/kim-short/server.fl
ws_recv	1	fx-queue/server.fl
