SLICE	CASE	FX3_BYTES	FX_BYTES	BYTE_RATIO_FX3_OVER_FX	CHAR_REDUCTION_PERCENT	FX3_PROXY_UNITS	FX_PROXY_UNITS	PROXY_RATIO_FX3_OVER_FX	OUTPUT_TOKENS	NOTE
stdlib	identity	18	23	0.7826	21.7391	8	8	1.0	NOT_MEASURED	PROXY_UNITS_NOT_MODEL_TOKENS
stdlib	req-body	28	42	0.6667	33.3333	13	16	0.8125	NOT_MEASURED	PROXY_UNITS_NOT_MODEL_TOKENS
stdlib	str-coerce	35	52	0.6731	32.6923	22	23	0.9565	NOT_MEASURED	PROXY_UNITS_NOT_MODEL_TOKENS
app	fib	42	76	0.5526	44.7368	30	35	0.8571	NOT_MEASURED	PROXY_UNITS_NOT_MODEL_TOKENS
fixture-core	case-01	142	213	0.6667	33.3333	54	63	0.8571	NOT_MEASURED	PROXY_UNITS_NOT_MODEL_TOKENS
fixture-core	case-02	123	189	0.6508	34.9206	46	55	0.8364	NOT_MEASURED	PROXY_UNITS_NOT_MODEL_TOKENS
fixture-core	case-03	120	189	0.6349	36.5079	44	53	0.8302	NOT_MEASURED	PROXY_UNITS_NOT_MODEL_TOKENS
fixture-core	case-04	91	137	0.6642	33.5766	44	45	0.9778	NOT_MEASURED	PROXY_UNITS_NOT_MODEL_TOKENS
fx-readonly	fx-std.fl	NA	13398	NA	NA	NA	3465	NA	NOT_MEASURED	FX_TREE_READ_ONLY_NO_FX3_PAIR
fx-readonly	fx-queue/server.fl	NA	8719	NA	NA	NA	1897	NA	NOT_MEASURED	FX_TREE_READ_ONLY_NO_FX3_PAIR
fx-readonly	templates/api-server/server.fl	NA	2520	NA	NA	NA	506	NA	NOT_MEASURED	FX_TREE_READ_ONLY_NO_FX3_PAIR
